integrity,teamwork,greeninnovation,respect,quality
accountability,collaboration,innovation,talented,dedicated
integrity,collaborative,energy_efficiency,talent,dedication
accountable,collaborate,technology,highly_skilled,professionalism
transparency,cooperation,technological,empower,customer
responsibility,work_together,environmental,employee,quality
trust,partnership,energy,team_member,dedicate
ethical,partner,social,empowerment,commitment
transparent,cross-functional,digitalization,team,unwavering_commitment
ethic,teamwork,energy_transition,organization,work_tirelessly
governance,jointly,electrification,top_talent,passion
stewardship,coordination,renewable_energy,talented_people,dedication_commitment
responsible,collaborative_relationship,innovative,talented_team,passion_commitment
core_value,engage,development,teammate,responsiveness
humility,work_collaboratively,sustainability,passionate,quality_service
stakeholder,work_closely,health_care,talented_employee,creativity
highest_standard,work,energy_infrastructure,highly_engaged,high_quality
social_responsibility,cooperative,automation,skill,excellent_customer_service
independence,cooperate,capability,culture,unwavering
pride,business_partner,environmentally,restaurant_team,client
credibility,relationship,healthcare,knowledgeable,continued_commitment
assure,join_force,innovative_technology,best_talent,high_quality_service
hold_accountable,researcher,innovative_solution,highly_talented,service_standard
privacy,strategic_partnership,efficiency,leadership,customer_service
trust_principle,pioneering,mobility,talented_dedicated,hard_work_dedication
mission_value,work_closely_together,safety_security,incredibly_talented,quality_customer_service
decentralize,interaction,digital_transformation,veteran,unwaver
socially_responsible,involvement,autonomous_vehicle,highly_experienced,take_care_customer
corporate_social_responsibility,strategic_partner,product_design,hardworking,exemplary
spirit,alliance,solution,entrepreneurial,service_delivery
alignment,collaboratively,combustion,experienced_team,od_family
principle,coordinate,food_production,highly_qualified,inspiring
motivation,share_best_practice,drug_development,staff,service
freedom,key_stakeholder,infrastructure,deep_bench,craftsmanship
rigor,technology_partner,fuel_efficiency,hard_working,work_around_clock
utmost,dialogue,decarbonization,dedicated_team,mission_critical
responsibility_accountability,engagement,energy_storage,attract_retain,specialized
embody,joint,industrial_application,leadership_team,tremendous_effort
role_responsibility,coalition,adaptive,work_alongside,loyal_customer
compliance,mutually_beneficial,environmentally_friendly,unique_culture,safe_reliable
advice,actively_engage,interoperability,experienced_leader,health_safety
make_sure,strengthen_relationship,cybersecurity,bench_strength,customer_experience
environmental_social,bring_together,emission,skill_set,accessibility
committee,industry_partner,nutrition,compassion,customer_support
satisfaction,cohesive,internet_thing,executive_leadership_team,depth_breadth
guide_principle,team_up,blockchain,expertise,customer_success
code_conduct,technology_provider,design,seasoned,tireless
high_performance_culture,advocate,artificial_intelligence,work_environment,relentless
authenticity,communication,product_innovation,talented_group,quality_product
sense_urgency,deep_relationship,agriculture,energetic,continuity
ethically,vendor_partner,human,mission,agility
instil,merchant_team,develop,sale_professional,service_excellence
oversight,renowned,technology_platform,entrepreneurial_spirit,trust_partner
emotional,collaborator,autonomous_driving,extremely_talented,service_quality
steward,unify,it_modernization,competent,quality_care
safety,cultivate,resource_efficiency,executive_director,client_experience
constituent,leverage_expertise,smart_grid,high_quality_people,high_quality_product
adherence,open_dialogue,safety_reliability,creative_talent,deliver_brand_promise
uncompromising,bluebird_bio,education,manager,customize_solution
honesty,establish_relationship,modernization,support_team,effort
counsel,set_standard,research,datum_scientist,innovative_approach
deserve,actively_involve,ai,store_director,exceptional_customer_service
take_seriously,world_renowned,material_science,management_team,product_quality
human_rights,author,culinary,technical_expertise,ongoing_commitment
decentralized,philanthropic,biodiversity,field_team,understand_importance
openness,constructive_discussion,reduce_energy_consumption,leader,focus
primary_responsibility,collaborative_effort,digital_capability,talent_development,workforce_solution
speed_agility,long_term_relationship,technology_innovation,workforce,brand_experience
brand_promise,hospital_health_system,aesthetic,colleague,customer_satisfaction
faith,foster,greener,community_serve,client_candidate
must,intimacy,teaching,perseverance,around_world
board_management,multidisciplinary,renewable,employee_base,unmatched
adhere,interact,polymer,company_culture,appreciative
emotion,policymaker,power_conversion,deep_expertise,meet_need
equitable,outreach,greater_awareness,invaluable,trust_confidence
align_incentive,industry_leader,propulsion,long_tenured,demanding
ingrain,strategic_alliance,scientific_expertise,senior_leader,reliability
welfare,optometric,immersive,dedicated_employee,delight_customer
unbiased,influencer,next_generation_technology,local_community,execute_flawlessly
institutionalize,ecosystem,climate_change,energy_passion,passion_dedication
mindset,council,power,diversity_inclusion,essential
imperative,natural_sweet_taste_program,artificial,entire_team,distinguished
governance_practice,win_-_win_situation,natural_resource,career_path,service_experience
courage,implement_best_practice,food_safety,motivated,dedication_hard_work
management_process,sister_company,also,throughout_organization,delight
extremely_important,supplier_partner,science,training_program,brand_reputation
recognize_importance,partner_choice,technological_innovation,mentor,uninterrupted
corporate_governance,workflow_tool,digitization,store_manager,support
trustworthy,academia,alternative_energy,corporate_culture,devotion
handoff,project_team,manufacturing,professional,loyal
lawyer,ongoing_dialogue,datum_analytic,accomplished,value
understand,long_term_partnership,technology_solution,software_engineer,patient_resident
performance_culture,demonstration,virtual_reality,business_acumen,technological_leadership
p&l_responsibility,creative,hydrogen,caregiver,highly_complex
dna,regulatory_agency,mass_spectrometry,talented_experienced,deliver_promise
discipline,marketing_department,technology_infrastructure,recruit_retain,superior_service
obsess,comprehensive_solution,society,frontline_employee,food_quality
care,rapport,societal,ability_attract_retain,customer_focus
cohesion,working_relationship,regulatory_compliance,competency,time_delivery
truly,architect,megatrend,senior_executive,importantly
insist,coordinated,modern,competence,resident_family
take_great_pride,business_relationship,area,experienced,service_capability
decision_-_making,long_standing_relationship,electric_vehicle,excellence,highest_quality_service
individual,development_model,innovate,nurture,capable
informed,newly_create,health_wellness,wardrobe_consultant,engaged_workforce
operating_principle,seamless_integration,digital,fresh_perspective,superior_customer_service
environmental_sustainability,system_integrator,productivity_efficiency,entrepreneur,od_team
every_aspect,team_work,carbon_capture,talent_base,breadth_depth
pragmatic,product_team,green,ambassador,value_proposition
best_customer_offering,reach_out,opioid_system,aviation_professional,consultative
urgency,client_prospects,environmental_stewardship,throughout_career,quality_food
permeate,client_focus,eco-friendly,work_ethic,best_-_in_-_class_service
personally,concert,traceability,upskil,strive
incredibly_important,industry_association,energy_conservation,sale_associate,dedication_employee
incent,adviser,platform,dignity,guest
strict_adherence,sponsor,system_design,interior_designer,simplicity
steadfast_commitment,channel_partner,fuel_economy,business_leader,quality_reliability
safety_employee,cross-company,medicine,entrepreneurship,adaptability
internally_externally,franchise_partner,intelligent_automation,motivate,lifestyle
authority,technical_collaboration,process_development,coworker,lifesaving
foster_culture,financial_adviser,advancement,experienced_talented,quality_control
precondition,regular_communication,cyber,tireless_effort,legendary
brand_differentiation,collaboration_platform,information_technology,executive_team,safe_clean_reliable
understanding,blogger,increasingly,marketing_team,customize
wisdom,government_agency,water_consumption,technologist,consumer_experience
arm_length,investment_excellence,3d_printing,unbridled,critically_important
empowerment_accountability,supply_partner,plumbing,best_brightest,patient_care
greater_transparency,mutually,connectivity,change_management,product_knowledge
compassionate,integrate,supply_chain,engineering_talent,paramount
challenge_status_quo,organize,forefront,fellow,best_class
day_day,payer_provider,lower_emission,training_development,operational_excellence
laser_focus,entire_ecosystem,biological,engaged,technical_capability
absolutely_critical,alpine_immune_sciences,computational,senior_leadership_team,franchise_owner
health_information,artist,initiative,inspire,rural_lifestyle
supervisory,sharing,public_health,talent_pool,exceptional_customer_experience
remuneration,dialog,business_model,store_associate,cost_effective_manner
diligence,influential,application,retain_talent,shopping_experience
constantly_seek,trust_advisor,next_generation,hard_work,work_hard
credible,program_management,cyber_security,attract_retain_best,world_-_class
contract_integrity,active_dialogue,refrigerant,health_care_professional,relentless_effort
empathy,product_marketing,proprietary_technology,subject_matter_expertise,training_tool
consistency,facilitate,population_health_management,integration_team,steadfast
team_sport,fruitful,consumer_insight,hire_train,deliver_exceptional
citizenship,developer,additive_manufacturing,skill_expertise,veterinarian
board,consultation,datum_science,operation_team,quality_execution
reassure,exclusive_merchandise,autonomous,highly_productive_agent,ability
racism,across_globe,product,design_team,service_organization
elect_official,physician_community,automation_solution,recruit,passionate_team
truth,work_hand_hand,technology_development,resource,service_level
secret_sauce,alliance_partner,strategy,highly_motivated,dependable_supplier
attitude,oem_partner,prevention,community,reliable
silo,creation,signaling,staff_member,curate
management_team_board,feedback_receive,biomedical,tirelessly,store_experience
siloed,creatively,mega_trend,mentore,differentiate
core_principle,deepen_relationship,social_economic,talented_professional,cracker_barrel_experience
business_practice,cell_design_labs,consumer_face,entire_organization,loyalty
ownership_mentality,research_community,carbon,deep_knowledge,specialize
financial_reporting,constant_communication,advanced_technology,talented_individual,time_service
honest,marketing_alliance,sustainable,ensure,unparalleled
fairness,summit,critical,solution_architect,longevity
safe_secure,health_information_exchange,help,employee_engagement,amaze
privileged,advertising_agency,hygiene,train,loyal_customer_base
level_play_field,culture_accountability,food_testing,talented_passionate,versatility
safe_environment,orchestrate,viability,trust_adviser,boat_lifestyle
stay_true,xsight,product_differentiation,deep_understanding,quality_pizza
mission_statement,win_-_win,globalization,employer_choice,communication_requirement
actionable_information,mutual,cutting_-_edge_technology,champion,need
safeguard,team_effort,new_paradigm,commitment_dedication,world_-_class_service
encryption,seamless,code_standard,talented_management_team,system_capability
traditional_owner,customer_partnership,state_-_of_-_the_-_art_technology,entrust,highest_quality_product
police,equinor,wind_solar,leadership_group,quality_experience
best_interest,deepen,detection,world_-_class_team,quality_consistency
thoughtfulness,intermountain,role_play,onboard_train,end_-_to_-_end_solution
govern,work_concert,technology_advancement,highly_train,full_spectrum
profession,advisory_board,vertical_integration,engineer,high_quality_content
management_foundation,well_verse,circular_economy,subject_matter_expert,unrivaled
personalize_experience,prospective_client,cloud_computing,experienced_management_team,continued_support
everything,research_and_development_team,healthcare_industry,ingenuity,high_quality_program
governance_structure,carrier_partner,health_care_service,specialist,hassle_free
contagious,behalf,environmental_footprint,member,supplier
shareholder,longstanding_relationship,energy_management,assistant_manager,committed
independent_board_member,multifaceted,connected_world,designer,application_expertise
commitment_sustainability,establish,wellness,senior_management,anytime_anywhere
never_lose_sight,seat_table,competitiveness,successful_track_record,customizable
always,reach_agreement,solar_wind,development_team,enable
important,trade_union,acoustic,unite,mission_critical_application
determination,synergistically,communication_tool,student_faculty,vital
greatness,indispensable,contamination,energize,freshness
instill,coordinator,food_supply,seasoned_management_team,award_win
long_held,cooperate_fully,analytic_tool,cross-functional_team,outfit
rigorous,doordash,scientific,upgrade_talent,everyday
linkage,contact,law_enforcement,depth_talent,honor
uphold,it_folk,human_capital,technical_talent,best_-_in_-_class_technology
day_-_to_-_day_basis,deephealth,remote_monitoring,executive_committee,long_term_commitment
inculcate,integral_part,technology_trend,incredibly_proud,brand_strength
dealings,store_operation_team,health_care_system,store_team,best_-_in_-_class_execution
tenet,partnering,cooking,caring,commit
stand_for,development_partnership,electromobility,ultipro,relentlessly
genuine,manufacturing_partner,application_security,career_opportunity,guest_experience
simply_put,grassroots,enabler,personality,ambience
best,integrated,harness,senior_management_team,friendliness
investor,involve,food_security,cultural,training_education
risk_-_taking,engaging,awareness,grateful,superior
clear_understanding,rrd,clinical_research,finance_organization,supply_chain_solution
founder,supply_chain_team,propulsion_system,philanthropy,care_resident
obsession,ministry,personalization,it_professional,technologically
private_sector,development_partner,student_service,design_merchant_team,comprehensive_integrated
clear,open_door,cooling,entire_leadership_team,logistic_solution
underwriter,manufacturer_partner,brand_relevance,trusted,uptime
beacon,vendor_community,clinical_outcome,advocacy,mainline_partner
owner,marketer,technological_advancement,leadership_capability,personalize
regulator,hand_glove,distribution_system,energized,field
involved,interview,transformation,business_team,integrated_solution
take_care,labor_union,datum_analytic_capability,operating_team,highly_engineer
conflict,touch_point,big_data,across_organization,unique
planet,consortium,computing,want_commend,healthcare_professional
heart_soul,dexcom,reskilling,university_corporation,critical_component
aspire,work_tandem,emission_reduction,executive,academic_quality
long_history,investigator,food_science,interior_design_associate,customer_value
earth,venture_model,quality_life,tool_training,breadth
wall_street,aws,continue,district_manager,customer_base
credentials,fight_against,architecture,core_team,health_safety_employee
belief_system,business_development_team,create,gratitude,outstanding_job
necessity,firsthand,industrialization,people,customer_need
person,novel_flavor_ingredient,molecular,protect_health,deliver_boat_dream
habit,academic_society,proliferation,instructor,serviceability
good_faith,integration_planning,emerge,cgi_member,excel
policing,community_engagement,educational,senior_leadership,versatile
want,local_authority,product_development_process,customer_intimacy,skilled
moral,work_effort,product_solution,senior_staff,site_staff
wellbeing,steering_committee,it_infrastructure,thankful,customers.i
broken,government_official,core_technology,experienced_leadership_team,best_possible
undermine,marketing_partner,simulation,field_leadership,praise
accreditor,iterative,technical,finance_team,quality_housing
candid,joint_venture_partner,technology_leadership,account_management,customer_care
sincere,health_record,therapeutics,relationship_manager,criticality
provenance,host_community,revolution,ensure_smooth_transition,end_user
reputable,work_council,modernize,product_manager,breadth_offering
financial_acumen,customer_design,intelligent,paycom_solution,broad_set
animal_welfare,deeply_involve,global,tenacity,service_model
big_believer,unifying,health_economics,management_people,delivery_driver
symbol,extensive_experience,higher_education,job,world_class
safe,logistics_team,commercial_excellence,training,technology_expertise
knowledge_understanding,receive_positive_feedback,affordability,restaurant_general_manager,tailor
brand_builder,gepetrol,product_development_marketing,engineer_scientist,flexible
father,distribution_partner,power_grid,senior_manager,business_value
care_deeply,seamless_transition,energy_savings,knowledge_expertise,service.we
deep_rooted,seamless_fashion,human_health,colleague_around_world,customer_service_model
admire,depth_knowledge,analytic,best_practice,affordable_price
pay_attention,formalize,protection,educator,desire
legitimate,instrumental,urbanization,team_member_guest,offering
important.so,ngos,sophistication,hire_experienced,key_differentiator
really,interface,energy_sector,independent_agent,medical_community
absolutely,key_opinion_leader,5g_wireless,courageous,high_quality_education
simple,hotel_operator,energy_consumption,r&d_team,restaurant_manager
preach,assistance,revolutionary,scientist_engineer,attentiveness
politician,investigation,product_presentation,industry_veteran,allow
never,funder,energy_efficiency_program,work_with,accuracy
belong,local,physician_experience,resourcefulness,business_continuity
homework,product_specialist,competitive_advantage,embrace,relevance
politically,efficient_effective,solar_energy,deliver_exceptional_service,safely
fun,work_cooperatively,energy_logistics,ability_attract,personalized_service
vocal,production_team,business_process,highly_trained,market_need
esteemed,banking_partner,energy_production,minded,service_solution
honestly,fully_align,home_automation,industry_experience,quality_level
,trackunit,digital_twin,merchandising_team,health_care_provider
,testify,energy_solution,sale_executive,task
,prosecutor,clinical_evidence,store_employee,relevancy
,hit_ground_running,biology,learner,production_network
,state_agency,fundamental,faculty,quality_work
,obtain_approval,advanced_analytic,it_team,manageability
,outside_consultant,academic,succession_planning,client_need
,benefit_consultant,health_concern,respectful,top_priority
,hotelier,content_creation,depth_expertise,fair_equitable_price
,stock_company,convergence,family_friend,quality_customer_experience
,frontline_caregiver,breakthrough_technology,commend,brand_standard
,constructively,process_automation,service_team,consumer_need
,lender_group,healthy_living,savvy,high_quality_standard
,attorney_general,energy_efficient,rally_around,readiness
,,health,rise_occasion,customer_expectation
,,reliable_affordable,re_/_max_network,quality_standard
,,test_technology,scientist,customer_commitment
,,mining,know_-_how,customer_requirement
,,commerce,stylist,requirement
,,sealing,field_management_team,service_requirement
,,woman_health,express_gratitude,
,,advancement_technology,knowledge,
,,digital_courseware,seasoned_professional,
,,entertainment,upskilling,
,,intersection,reputation,
,,power_generation,brand_ambassador,
,,cost_effective,field_organization,
,,health_fitness,sale_team,
,,machine_learning,house_interior_designer,
,,test_automation,leadership_skill,
,,cognitive,expert,
,,information_security,thought_leader,
,,health_care_industry,fantastic_job,
,,visual,skill_experience,
,,ingredient,journalism,
,,retailing,broker_agent,
,,power_solution,proven,
,,digital_media,family_community,
,,highly_engineered,nonprofit,
,,discovery_development,entire_management_team,
,,instrumentation,shareholder_stakeholder,
,,greenhouse_gas,collective,
,,renewable_energy_source,administrator,
,,co2,alumnus,
,,employee_experience,give_back_community,
,,customer_centric_approach,deeply_embed,
,,e-mobility,customer_centric,
,,user_experience,financial_advisor,
,,continuous,extremely_proud,
,,enhance_customer_experience,professionally,
,,engine,ensure_safety,
,,diagnostic_imaging,leadership_program,
,,service_hospitality,research_team,
,,content,advisor,
,,security_privacy,tool_set,
,,increasingly_complex,incredible_job,
,,manufacturing_process,industry_knowledge,
,,evolution,around_globe,
,,play_critical_role,member_senior,
,,latest_technology,sale_marketing_team,
,,control_system,identity,
,,agriculture_industry,educate,
,,safer_greener,ingrained,
,,drug_discovery,site_regional_and_corporate_team,
,,t_-_cell,highly_respected,
,,voice_user_interface,learning_experience,
,,clinical_diagnostic,franchise_community,
,,ai_machine_learning,inspiration,
,,success,reimagine,
,,care_delivery,humble,
,,monitoring,volunteer,
,,energy_security,referral_source,
,,waste_management,provide_superior_service,
,,datum_connectivity,friendship,
,,grid,orient_culture,
,,warmth,align_interest,
,,importance,ensure_health_safety,
,,soldier,team_member_franchisee,
,,electromagnetic,medical_professional,
,,physical_digital,field_management,
,,diagnostic_test,inclusion_diversity,
,,life_science,youth,
,,automotive_aerospace,behalf_entire,
,,sanitary,culture_continuous_improvement,
,,software_define,welcoming,
,,disease_prevention,efficiently_effectively,
,,core_competency,group_management,
,,social_network,retrain,
,,datum_security,clinician,
,,veterinary_medicine,department_manager,
,,sale_excellence,fan_base,
,,plastic,mentoring,
,,entertainment_experience,entrepreneurial_culture,
,,power_management,leadership_style,
,,microgrid,tractor_supply,
,,legacy_modernization,adept,
,,smart_home,teach,
,,sanitation,brand_manager,
,,virtualization,deeply,
,,high_tech,decision_maker,
,,legal_regulatory,grateful_effort,
,,addiction,rewarding,
,,brand,fully_engage,
,,world,employee_safety,
,,intellectual_property,crew_member,
,,new,commitment_excellence,
,,secular_theme,entry_-_level_employee,
,,battery_technology,vision,
,,myopia,solve_challenge,
,,digital_ecosystem,protect_health_safety,
,,technology_application,amazing_job,
,,product_leadership,brand_steward,
,,data_centric,optometrist,
,,smart,branch_manager,
,,artificial_intelligence_machine_learning,succeed,
,,electronification,respected,
,,innovative_product,countless,
,,method_development,tribute,
,,management_capability,board_and_management_team,
,,fuel_source,cross_functional_team,
,,gas_power,affection,
,,e-learning,resident_staff,
,,chromatography_mass_spectrometry,lifelong,
,,electrify,generosity,
,,networking,injure,
,,infotainment,re_/_max,
,,gold_standard,community_live,
,,biosimilar,employee_family,
,,thermal,personify,
,,social_environmental,congratulate,
,,pioneer,work_remotely,
,,discovery_capability,deep_root,
,,metering,business_owner,
,,connected_vehicle,company_vision,
,,biomedical_research,greet,
,,opioid_epidemic,volunteering,
,,practice_medicine,earn_trust,
,,iot,heart,
,,qa_/_qc,express_appreciation,
,,core_strength,customer_obsess,
,,engineering_simulation,citizen,
,,renaissance,highly_committed,
,,cloud_migration,authentic,
,,counterfeit,privilege,
,,communication_technology,unleash,
,,older_adult,honor_recognize,
,,highly_engineered_product,live_life,
,,training_simulation,equality,
,,waterproofing,advocacy_group,
,,premium_content,live_lifestyle,
,,medical_device,responsible_corporate_citizen,
,,hybrid_electric_vehicle,work_diligently,
,,led_lighting,,
,,infrared,,
,,training_solution,,
,,deep_learning,,
,,hiv_/_aids,,
,,develop_novel,,
,,world_leader,,
,,naval,,
,,economy,,
,,transitions,,
,,technologies,,
,,impact,,
